{"accuracy": 0.8533206474007778, "precision": 0.8533206474007778, "recall": 0.8533206474007778, "f1_score": 0.8533206474007778}